t,frame_ms,fps,draw_calls,primitives,objects,sim_ms_avg
1.91,966.90,1.0,1400,5073840,1717,8.819
3.77,908.75,1.0,1405,5071456,1714,5.580
5.73,1018.02,1.0,1370,4918308,1667,2.750
7.61,943.51,1.0,1390,5055990,1680,2.337
9.56,989.96,1.0,1398,5093044,1695,1.998
11.49,965.17,1.0,1403,5128310,1700,3.297
13.40,941.82,1.0,1406,5131922,1706,2.782
15.22,917.88,2.0,1403,5133654,1705,3.096
17.06,877.61,1.0,1403,5130246,1705,2.086
18.78,859.01,1.0,1458,5145844,1760,1.940
20.64,932.56,1.0,1657,6496656,1969,2.857
22.41,866.90,1.0,1472,5149338,1765,2.010
24.24,949.27,2.0,1641,6486136,1952,2.995
26.12,938.23,1.0,1643,6613652,1969,2.228
27.13,1006.83,1.0,1648,6614068,1963,2.111
28.31,1180.25,1.0,1638,6612470,1968,2.687
30.47,1168.30,1.0,1834,7958936,2172,2.926
32.38,991.27,1.0,1804,7930094,2123,2.320
34.28,983.53,1.0,1785,7908870,2108,2.872
36.16,956.63,1.0,1780,7896054,2106,2.210
38.01,943.86,1.0,1754,7885574,2080,2.468
39.90,937.82,1.0,1751,7887490,2081,2.823
41.78,969.29,1.0,1643,7847752,1969,2.073
43.62,874.19,1.0,1612,7845124,1916,2.648
45.44,924.17,1.0,1451,7821540,1745,2.478
47.24,892.78,2.0,1447,7823548,1745,2.244
49.01,902.40,1.0,1559,9153152,1854,3.168
50.78,871.90,1.0,1359,7807312,1661,2.000
52.56,936.78,1.0,1341,7801706,1639,3.712
54.19,813.35,1.0,1132,6305816,1421,2.314
55.94,836.09,1.0,1092,6025702,1391,1.933
57.93,1005.31,1.0,1262,7384600,1567,3.103
59.05,1122.63,1.0,1561,9155452,1866,1.885
60.81,939.44,1.0,1388,7787418,1686,2.264